<?xml version="1.0" encoding="UTF-8" standalone="no"?>
	<featureModel chosenLayoutAlgorithm="4">
		<struct>
			<and abstract="true" mandatory="true" name="UserList">
				<and mandatory="true" name="User">
					<feature name="Status"/>
					<feature name="Competence"/>
					<feature name="Function"/>
				</and>
				<feature name="Group"/>
			</and>
		</struct>
		<constraints/>
		<calculations Auto="true" Constraints="true" Features="true" Redundant="true" Tautology="true"/>
		<comments/>
		<featureOrder userDefined="false"/>
	</featureModel>
